fecha,viajes
2024-08-26,237
2024-08-27,227
2024-08-28,241
2024-08-29,263
2024-08-30,267
2024-08-31,297
2024-09-01,316
2024-09-02,246
2024-09-03,225
2024-09-04,244
2024-09-05,231
2024-09-06,267
2024-09-07,310
2024-09-08,257
2024-09-09,206
2024-09-10,228
2024-09-11,220
2024-09-12,250
2024-09-13,263
2024-09-14,285
2024-09-15,323
2024-09-16,238
2024-09-17,244
2024-09-18,218
2024-09-19,239
2024-09-20,287
2024-09-21,295
2024-09-22,308
2024-09-23,236
2024-09-24,242
2024-09-25,237
2024-09-26,287
2024-09-27,289
2024-09-28,301
2024-09-29,321
2024-09-30,230
2024-10-01,256
2024-10-02,218
2024-10-03,235
2024-10-04,298
2024-10-05,339
2024-10-06,314
2024-10-07,255
2024-10-08,252
2024-10-09,232
2024-10-10,251
2024-10-11,292
2024-10-12,350
2024-10-13,323
2024-10-14,231
2024-10-15,269
2024-10-16,257
2024-10-17,258
2024-10-18,317
2024-10-19,355
2024-10-20,339
2024-10-21,253
2024-10-22,263
2024-10-23,275
2024-10-24,293
2024-10-25,302
2024-10-26,338
2024-10-27,308
2024-10-28,252
2024-10-29,289
2024-10-30,299
2024-10-31,279
2024-11-01,335
2024-11-02,354
2024-11-03,321
2024-11-04,285
2024-11-05,307
2024-11-06,280
2024-11-07,314
2024-11-08,275
2024-11-09,367
2024-11-10,340
2024-11-11,279
2024-11-12,287
2024-11-13,250
2024-11-14,287
2024-11-15,334
2024-11-16,385
2024-11-17,334
2024-11-18,275
2024-11-19,281
2024-11-20,307
2024-11-21,303
2024-11-22,323
2024-11-23,372
2024-11-24,351
2024-11-25,312
2024-11-26,283
2024-11-27,290
2024-11-28,295
2024-11-29,311
2024-11-30,373
2024-12-01,359
2024-12-02,300
2024-12-03,296
2024-12-04,275
2024-12-05,299
2024-12-06,336
2024-12-07,358
2024-12-08,356
2024-12-09,311
2024-12-10,339
2024-12-11,309
2024-12-12,316
2024-12-13,345
2024-12-14,343
2024-12-15,363
2024-12-16,310
2024-12-17,354
2024-12-18,306
2024-12-19,321
2024-12-20,351
2024-12-21,361
2024-12-22,388
2024-12-23,326
2024-12-24,328
2024-12-25,298
2024-12-26,345
2024-12-27,330
2024-12-28,396
2024-12-29,411
2024-12-30,299
2024-12-31,307
2025-01-01,320
2025-01-02,314
2025-01-03,331
2025-01-04,391
2025-01-05,356
2025-01-06,329
2025-01-07,304
2025-01-08,349
2025-01-09,313
2025-01-10,356
2025-01-11,407
2025-01-12,356
2025-01-13,328
2025-01-14,347
2025-01-15,295
2025-01-16,333
2025-01-17,370
2025-01-18,410
2025-01-19,359
2025-01-20,303
2025-01-21,336
2025-01-22,332
2025-01-23,337
2025-01-24,374
2025-01-25,386
2025-01-26,388
2025-01-27,334
2025-01-28,316
2025-01-29,363
2025-01-30,343
2025-01-31,349
2025-02-01,412
2025-02-02,368
2025-02-03,345
2025-02-04,352
2025-02-05,317
2025-02-06,354
2025-02-07,379
2025-02-08,417
2025-02-09,422
2025-02-10,328
2025-02-11,319
2025-02-12,317
2025-02-13,324
2025-02-14,372
2025-02-15,410
2025-02-16,394
2025-02-17,349
2025-02-18,335
2025-02-19,361
2025-02-20,335
2025-02-21,424
2025-02-22,416
2025-02-23,375
2025-02-24,316
2025-02-25,344
2025-02-26,332
2025-02-27,354
2025-02-28,384
2025-03-01,405
2025-03-02,376
2025-03-03,309
2025-03-04,328
2025-03-05,352
2025-03-06,345
2025-03-07,354
2025-03-08,410
2025-03-09,398
2025-03-10,321
2025-03-11,339
2025-03-12,338
2025-03-13,321
2025-03-14,383
2025-03-15,417
2025-03-16,411
2025-03-17,356
2025-03-18,312
2025-03-19,320
2025-03-20,351
2025-03-21,386
2025-03-22,416
2025-03-23,461
2025-03-24,347
2025-03-25,357
2025-03-26,354
2025-03-27,353
2025-03-28,371
2025-03-29,420
2025-03-30,378
2025-03-31,332
2025-04-01,328
2025-04-02,338
2025-04-03,383
2025-04-04,343
2025-04-05,419
2025-04-06,362
2025-04-07,328
2025-04-08,356
2025-04-09,337
2025-04-10,322
2025-04-11,363
2025-04-12,418
2025-04-13,378
2025-04-14,340
2025-04-15,337
2025-04-16,324
2025-04-17,379
2025-04-18,387
2025-04-19,369
2025-04-20,394
2025-04-21,323
2025-04-22,351
2025-04-23,321
2025-04-24,338
2025-04-25,384
2025-04-26,420
2025-04-27,368
2025-04-28,329
2025-04-29,326
2025-04-30,323
2025-05-01,371
2025-05-02,382
2025-05-03,382
2025-05-04,406
2025-05-05,372
2025-05-06,353
2025-05-07,307
2025-05-08,330
2025-05-09,397
2025-05-10,391
2025-05-11,397
2025-05-12,348
2025-05-13,317
2025-05-14,333
2025-05-15,280
2025-05-16,355
2025-05-17,399
2025-05-18,366
2025-05-19,363
2025-05-20,308
2025-05-21,325
2025-05-22,341
2025-05-23,399
2025-05-24,377
2025-05-25,409
2025-05-26,333
2025-05-27,315
2025-05-28,341
2025-05-29,342
2025-05-30,362
2025-05-31,404
2025-06-01,381
2025-06-02,335
2025-06-03,345
2025-06-04,362
2025-06-05,316
2025-06-06,411
2025-06-07,368
2025-06-08,385
2025-06-09,344
2025-06-10,338
2025-06-11,322
2025-06-12,335
2025-06-13,364
2025-06-14,393
2025-06-15,404
2025-06-16,340
2025-06-17,321
2025-06-18,350
2025-06-19,344
2025-06-20,389
2025-06-21,415
2025-06-22,374
2025-06-23,324
2025-06-24,348
2025-06-25,345
2025-06-26,339
2025-06-27,377
2025-06-28,428
2025-06-29,379
2025-06-30,345
2025-07-01,332
2025-07-02,332
2025-07-03,361
2025-07-04,391
2025-07-05,421
2025-07-06,415
2025-07-07,337
2025-07-08,349
2025-07-09,331
2025-07-10,348
2025-07-11,375
2025-07-12,409
2025-07-13,404
2025-07-14,323
2025-07-15,376
2025-07-16,321
2025-07-17,322
2025-07-18,400
2025-07-19,424
2025-07-20,406
2025-07-21,352
2025-07-22,340
2025-07-23,325
2025-07-24,348
2025-07-25,369
2025-07-26,429
2025-07-27,395
2025-07-28,328
2025-07-29,337
2025-07-30,351
2025-07-31,339
2025-08-01,369
2025-08-02,419
2025-08-03,404
2025-08-04,336
2025-08-05,337
2025-08-06,350
2025-08-07,326
2025-08-08,362
2025-08-09,405
2025-08-10,399
2025-08-11,354
2025-08-12,375
2025-08-13,365
2025-08-14,352
2025-08-15,390
2025-08-16,403
2025-08-17,406
2025-08-18,347
2025-08-19,358
2025-08-20,338
2025-08-21,368
2025-08-22,422
2025-08-23,423
2025-08-24,417
2025-08-25,368
2025-08-26,349
2025-08-27,361
2025-08-28,363
2025-08-29,400
2025-08-30,415
2025-08-31,415
2025-09-01,369
2025-09-02,386
2025-09-03,378
2025-09-04,405
2025-09-05,388
2025-09-06,449
2025-09-07,422
2025-09-08,404
2025-09-09,350
2025-09-10,350
2025-09-11,360
2025-09-12,369
2025-09-13,428
2025-09-14,409
2025-09-15,371
2025-09-16,376
2025-09-17,404
2025-09-18,393
2025-09-19,401
2025-09-20,426
2025-09-21,437
2025-09-22,350
2025-09-23,407
2025-09-24,396
2025-09-25,372
2025-09-26,386
2025-09-27,472
2025-09-28,431
2025-09-29,401
2025-09-30,351
2025-10-01,369
2025-10-02,386
2025-10-03,423
2025-10-04,444
2025-10-05,449
2025-10-06,365
2025-10-07,382
2025-10-08,388
2025-10-09,401
2025-10-10,440
2025-10-11,438
2025-10-12,416
2025-10-13,412
2025-10-14,396
2025-10-15,377
2025-10-16,425
2025-10-17,434
2025-10-18,484
2025-10-19,450
2025-10-20,432
2025-10-21,427
2025-10-22,392
2025-10-23,420
2025-10-24,449
2025-10-25,493
2025-10-26,437
2025-10-27,413
2025-10-28,420
2025-10-29,370
2025-10-30,386
2025-10-31,407
2025-11-01,469
2025-11-02,473
2025-11-03,433
2025-11-04,408
2025-11-05,437
2025-11-06,388
2025-11-07,418
2025-11-08,479
2025-11-09,472
2025-11-10,410
2025-11-11,375
2025-11-12,411
2025-11-13,395
2025-11-14,466
2025-11-15,491
2025-11-16,454
2025-11-17,407
2025-11-18,398
2025-11-19,417
2025-11-20,441
2025-11-21,442
2025-11-22,499
2025-11-23,466
2025-11-24,407
2025-11-25,420
2025-11-26,404
2025-11-27,419
2025-11-28,443
2025-11-29,530
2025-11-30,481
2025-12-01,414
2025-12-02,431
2025-12-03,426
2025-12-04,430
2025-12-05,480
2025-12-06,514
2025-12-07,476
2025-12-08,421
2025-12-09,427
2025-12-10,391
2025-12-11,411
2025-12-12,498
2025-12-13,534
2025-12-14,486
2025-12-15,446
2025-12-16,442
2025-12-17,492
2025-12-18,463
2025-12-19,476
2025-12-20,492
2025-12-21,465
2025-12-22,444
2025-12-23,427
2025-12-24,416
2025-12-25,435
2025-12-26,463
2025-12-27,543
2025-12-28,514
2025-12-29,444
2025-12-30,471
2025-12-31,446
2026-01-01,435
2026-01-02,513
2026-01-03,526
2026-01-04,483
2026-01-05,444
2026-01-06,432
2026-01-07,424
2026-01-08,471
2026-01-09,524
2026-01-10,495
2026-01-11,516
2026-01-12,439
2026-01-13,442
2026-01-14,441
2026-01-15,442
2026-01-16,493
2026-01-17,508
2026-01-18,513
2026-01-19,453
2026-01-20,450
2026-01-21,438
2026-01-22,449
2026-01-23,509
2026-01-24,535
2026-01-25,493
2026-01-26,458
2026-01-27,470
2026-01-28,427
2026-01-29,472
2026-01-30,486
2026-01-31,538
2026-02-01,499
2026-02-02,426
2026-02-03,429
2026-02-04,460
2026-02-05,469
2026-02-06,483
2026-02-07,541
2026-02-08,485
2026-02-09,459
2026-02-10,439
2026-02-11,449
2026-02-12,467
2026-02-13,486
2026-02-14,524
2026-02-15,535
2026-02-16,451
2026-02-17,477
2026-02-18,442
2026-02-19,477
2026-02-20,528
2026-02-21,488
2026-02-22,503
2026-02-23,473
2026-02-24,459
2026-02-25,470
2026-02-26,457
2026-02-27,505
2026-02-28,531
2026-03-01,540
2026-03-02,468
2026-03-03,470
2026-03-04,457
2026-03-05,460
2026-03-06,496
2026-03-07,541
2026-03-08,512
2026-03-09,470
2026-03-10,502
2026-03-11,480
2026-03-12,464
2026-03-13,526
2026-03-14,527
2026-03-15,483
2026-03-16,446
2026-03-17,431
2026-03-18,458
2026-03-19,470
2026-03-20,535
2026-03-21,541
2026-03-22,516
2026-03-23,480
2026-03-24,425
2026-03-25,469
2026-03-26,483
2026-03-27,478
2026-03-28,555
2026-03-29,526
2026-03-30,457
2026-03-31,476
2026-04-01,505
2026-04-02,473
2026-04-03,509
2026-04-04,526
2026-04-05,504
2026-04-06,479
2026-04-07,449
2026-04-08,465
2026-04-09,460
2026-04-10,513
2026-04-11,540
2026-04-12,537
2026-04-13,455
2026-04-14,459
2026-04-15,446
2026-04-16,461
2026-04-17,510
2026-04-18,547
2026-04-19,502
2026-04-20,479
2026-04-21,488
2026-04-22,471
2026-04-23,502
2026-04-24,489
2026-04-25,510
2026-04-26,486
2026-04-27,490
2026-04-28,474
2026-04-29,462
2026-04-30,472
2026-05-01,482
2026-05-02,576
2026-05-03,520
2026-05-04,464
2026-05-05,475
2026-05-06,471
2026-05-07,471
2026-05-08,488
2026-05-09,540
2026-05-10,551
2026-05-11,486
2026-05-12,490
2026-05-13,452
2026-05-14,449
2026-05-15,499
2026-05-16,532
2026-05-17,536
2026-05-18,431
2026-05-19,489
2026-05-20,458
2026-05-21,458
2026-05-22,483
2026-05-23,501
2026-05-24,531
2026-05-25,462
2026-05-26,438
2026-05-27,438
2026-05-28,460
2026-05-29,531
2026-05-30,526
2026-05-31,489
2026-06-01,456
2026-06-02,456
2026-06-03,412
2026-06-04,465
2026-06-05,497
2026-06-06,543
2026-06-07,549
2026-06-08,481
2026-06-09,456
2026-06-10,441
2026-06-11,512
2026-06-12,502
2026-06-13,531
2026-06-14,516
2026-06-15,465
2026-06-16,459
2026-06-17,451
2026-06-18,457
2026-06-19,501
2026-06-20,522
2026-06-21,504
2026-06-22,464
2026-06-23,457
2026-06-24,489
2026-06-25,420
2026-06-26,522
2026-06-27,555
2026-06-28,480
2026-06-29,457
2026-06-30,456
2026-07-01,438
2026-07-02,454
2026-07-03,484
2026-07-04,565
2026-07-05,536
2026-07-06,487
2026-07-07,477
2026-07-08,444
2026-07-09,460
2026-07-10,514
2026-07-11,513
2026-07-12,533
2026-07-13,461
2026-07-14,459
2026-07-15,479
2026-07-16,480
2026-07-17,500
2026-07-18,558
2026-07-19,503
2026-07-20,479
2026-07-21,479
2026-07-22,463
2026-07-23,480
2026-07-24,486
2026-07-25,556
2026-07-26,521
2026-07-27,461
2026-07-28,489
2026-07-29,458
2026-07-30,451
2026-07-31,483
2026-08-01,553
2026-08-02,504
2026-08-03,504
2026-08-04,436
2026-08-05,504
2026-08-06,483
2026-08-07,513
2026-08-08,535
2026-08-09,537
2026-08-10,475
2026-08-11,496
2026-08-12,479
2026-08-13,485
2026-08-14,511
2026-08-15,547
2026-08-16,539
2026-08-17,448
2026-08-18,455
2026-08-19,493
2026-08-20,489
2026-08-21,518
2026-08-22,552
2026-08-23,544
2026-08-24,473
2026-08-25,469
