age,income,web_visits,clicked_ad,device_type,time_on_site,past_purchases,converted
24,43767,4,1,desktop,2.06,0,0
44,63513,4,0,tablet,1.74,2,0
37,65772,5,0,desktop,2.41,2,0
19,40009,4,1,desktop,4.05,3,1
29,62123,5,1,tablet,2.53,1,0
51,26972,2,0,desktop,1.66,0,0
10,51960,4,0,mobile,0.73,1,0
30,37986,2,0,mobile,2.56,0,0
47,42884,5,1,mobile,2.62,1,0
26,35858,5,0,desktop,1.66,2,0
28,63304,1,0,desktop,3.08,1,0
34,63308,1,0,mobile,2.7,0,0
49,44631,3,1,mobile,2.57,0,0
28,60633,3,1,mobile,2.82,2,0
30,58919,5,0,desktop,1.29,2,0
30,53073,3,0,mobile,2.74,3,0
57,87372,4,0,mobile,2.47,1,0
56,42386,1,0,desktop,3.61,1,1
45,55214,2,0,mobile,1.92,0,0
38,49264,6,0,desktop,3.15,0,0
42,49423,2,1,mobile,2.49,4,1
49,57391,3,0,tablet,3.46,1,0
25,50584,2,0,mobile,4.98,0,1
46,42093,1,0,mobile,2.81,0,0
22,56863,4,0,desktop,1.93,2,0
28,72734,4,0,mobile,2.68,1,0
44,69141,5,1,mobile,3.0,1,0
20,58045,3,0,desktop,1.98,3,0
33,43969,0,0,desktop,2.25,1,0
26,57796,4,0,mobile,2.14,2,0
32,71269,1,0,mobile,3.98,0,0
7,72867,0,0,desktop,2.56,1,0
17,60395,4,0,desktop,2.97,2,0
28,49534,2,1,mobile,1.45,0,0
44,51958,10,0,tablet,1.22,4,1
33,66580,2,0,mobile,1.24,0,0
35,65295,6,0,tablet,2.72,1,0
41,28634,2,0,mobile,1.7,1,0
26,64879,6,1,desktop,1.63,2,0
37,65669,4,0,mobile,3.09,3,1
26,41692,5,0,desktop,3.48,1,1
17,43525,5,0,desktop,1.84,0,0
31,43642,1,0,mobile,-1.07,3,0
40,44796,3,0,mobile,1.13,1,0
38,33748,3,0,tablet,0.78,1,0
34,59696,4,1,mobile,4.07,1,1
58,43214,4,0,desktop,2.19,0,0
39,53944,3,0,mobile,1.39,0,0
44,47536,3,0,mobile,4.2,0,1
57,58827,5,1,mobile,1.16,1,0
22,39840,5,0,mobile,2.66,0,0
24,58678,1,1,desktop,1.67,1,0
52,60846,3,0,tablet,1.02,2,0
27,67413,5,0,desktop,1.49,0,0
35,84516,3,0,tablet,3.66,0,0
45,23618,3,0,desktop,2.3,0,0
43,59804,2,1,mobile,3.33,4,1
52,44362,3,0,desktop,1.89,1,0
49,26124,2,0,desktop,1.77,2,0
45,67624,2,0,mobile,2.08,0,0
27,74982,2,1,desktop,3.54,0,0
42,49125,1,1,desktop,1.89,3,1
38,58163,3,0,desktop,1.56,0,0
21,54038,1,0,desktop,1.12,2,0
49,61512,3,0,desktop,1.94,3,0
43,68208,1,0,desktop,1.06,3,0
35,60174,6,1,mobile,4.61,1,1
32,60186,0,0,desktop,2.77,0,0
23,73896,4,0,mobile,1.0,0,0
36,52530,1,0,desktop,3.05,1,0
39,68845,3,0,desktop,1.83,1,0
26,42669,2,0,desktop,2.53,1,1
46,79106,0,0,desktop,1.32,3,0
24,66067,4,1,mobile,2.28,2,1
13,48943,4,0,desktop,2.8,3,0
45,23281,3,1,mobile,2.2,1,1
30,54995,5,0,tablet,3.4,3,1
33,37272,2,1,tablet,3.53,1,1
26,59494,2,0,mobile,4.02,0,0
18,76767,4,1,desktop,1.12,1,0
47,57400,2,0,mobile,2.74,3,0
28,52329,4,1,tablet,4.06,2,1
51,60133,2,0,mobile,1.97,3,1
43,59284,7,0,mobile,3.68,0,0
31,19557,3,0,desktop,2.67,0,0
24,58614,4,1,mobile,1.61,3,0
27,64304,2,1,mobile,1.97,3,1
22,51109,5,0,mobile,2.73,3,1
55,69678,4,1,desktop,1.94,0,0
36,53084,2,1,desktop,3.62,0,1
46,66504,7,1,mobile,3.2,2,1
22,89096,0,0,desktop,2.11,1,0
36,53554,2,1,mobile,1.15,2,0
46,25868,3,0,desktop,2.59,2,1
31,49951,3,0,desktop,4.37,2,1
45,29111,5,1,mobile,3.59,0,0
24,64168,2,1,mobile,3.51,1,1
21,74640,3,1,mobile,3.28,1,1
38,65438,2,1,desktop,4.27,1,1
31,59804,3,0,desktop,2.76,0,0
41,45326,1,0,tablet,4.43,0,0
15,78634,8,0,mobile,2.72,2,0
42,66299,1,0,mobile,2.2,3,0
60,59267,5,1,desktop,4.04,2,1
34,58072,3,0,mobile,2.59,1,0
35,56674,1,0,desktop,2.86,3,1
36,61783,2,1,desktop,2.8,1,1
16,45800,3,0,mobile,3.19,0,0
39,77878,1,1,mobile,2.6,2,0
18,57285,5,1,mobile,1.36,1,0
30,64000,2,0,desktop,3.24,1,0
47,48496,6,1,tablet,2.8,2,1
27,60623,3,0,desktop,2.18,1,0
40,20773,2,0,mobile,1.69,6,1
45,38225,3,1,mobile,3.19,0,1
37,54528,4,1,mobile,1.58,2,0
21,35162,5,1,mobile,1.91,0,0
31,91591,9,1,tablet,0.55,2,0
54,29978,3,1,desktop,2.2,2,1
14,60188,1,0,mobile,3.44,3,1
32,79836,1,0,desktop,2.51,0,0
29,62219,6,1,mobile,1.45,2,0
36,50346,1,0,tablet,4.17,1,1
42,46717,3,0,mobile,3.03,2,0
51,65098,2,0,mobile,1.76,2,0
32,42995,0,0,mobile,2.82,1,1
43,53207,1,1,desktop,2.24,0,0
39,65367,1,0,mobile,0.65,2,0
39,50381,5,0,desktop,3.02,1,0
29,56312,2,0,desktop,1.89,1,0
25,50438,4,1,tablet,4.21,1,1
23,40453,3,0,mobile,3.75,0,1
27,72837,4,0,mobile,1.51,2,0
38,75895,6,0,mobile,1.04,4,0
42,50249,2,0,mobile,2.09,1,0
38,51016,3,0,desktop,3.3,0,1
29,52331,2,1,mobile,3.16,1,0
53,63082,3,1,mobile,4.16,1,1
50,41420,2,0,mobile,2.65,1,1
31,53672,4,1,mobile,1.06,3,0
26,58944,1,0,mobile,2.16,0,0
36,64630,1,0,desktop,1.24,0,0
47,13287,2,0,mobile,3.53,1,0
38,61051,5,0,mobile,3.02,2,1
40,60187,7,0,desktop,1.91,1,0
32,70115,2,1,mobile,2.4,2,1
39,47106,3,1,tablet,3.86,0,0
50,47224,4,0,mobile,3.86,1,0
32,73037,4,0,desktop,2.3,3,0
36,31552,1,0,desktop,2.07,1,0
37,79436,2,1,mobile,3.49,0,0
37,93338,0,0,mobile,1.85,0,0
20,62161,1,0,mobile,1.61,1,0
16,67211,6,1,mobile,2.74,2,1
24,32656,3,1,desktop,2.37,1,1
36,44581,3,1,desktop,2.04,1,0
40,70867,1,1,mobile,4.21,0,1
29,60427,5,1,mobile,2.38,0,0
48,52278,4,0,mobile,2.26,2,0
33,58493,7,0,desktop,2.17,2,0
35,62604,5,0,desktop,2.63,1,0
33,50603,1,1,mobile,2.23,2,1
36,54565,4,0,mobile,2.53,1,1
42,54455,5,0,desktop,0.83,2,0
41,39215,1,1,mobile,1.34,0,0
26,59853,3,1,tablet,4.02,1,1
50,82053,6,1,mobile,3.56,1,1
24,80979,0,0,mobile,3.66,1,1
35,32854,4,1,desktop,2.38,1,1
32,63559,3,0,desktop,1.29,2,0
24,65132,3,0,desktop,3.46,0,0
34,48842,4,1,tablet,3.38,2,1
27,40536,4,1,mobile,1.68,3,1
35,35187,7,1,tablet,5.27,0,1
39,48329,3,1,mobile,3.09,1,1
49,60250,4,0,mobile,3.33,0,0
38,52629,6,0,desktop,1.32,3,0
28,45836,1,0,mobile,4.58,2,1
31,36262,3,0,mobile,2.65,1,0
36,60260,3,1,desktop,3.07,4,1
35,70998,6,0,mobile,2.4,2,0
49,41096,5,1,tablet,2.96,0,0
48,61726,5,1,mobile,1.08,2,0
31,26807,3,0,mobile,3.38,0,1
29,45138,4,0,desktop,2.95,0,0
9,65944,2,1,mobile,0.94,1,0
29,38233,6,1,desktop,3.62,0,1
25,45933,2,0,mobile,2.49,0,0
31,76269,8,1,mobile,4.02,0,0
38,44007,0,1,mobile,1.77,2,0
36,42190,2,1,mobile,0.76,3,0
34,63637,4,1,tablet,2.77,1,1
36,84321,3,1,mobile,2.96,1,0
33,51404,2,1,mobile,4.45,0,0
36,66531,3,0,desktop,1.87,2,0
2,75186,4,0,desktop,2.96,2,0
32,59883,3,1,mobile,3.56,1,0
33,50951,1,0,mobile,2.74,0,0
31,41855,3,0,mobile,2.72,0,0
32,33621,6,0,mobile,1.15,0,0
42,71675,2,0,desktop,3.46,0,0
29,57714,2,0,mobile,2.48,0,0
57,74992,1,0,mobile,4.81,2,1
41,69833,7,0,tablet,3.74,0,1
34,45745,6,0,desktop,2.01,1,0
32,37196,2,0,mobile,1.9,1,0
34,61190,5,1,desktop,1.22,1,0
25,45512,5,0,mobile,2.48,2,1
34,60650,2,0,mobile,3.54,0,0
37,44032,2,1,mobile,3.0,1,1
40,42081,1,1,mobile,3.77,0,1
40,52885,2,0,desktop,1.9,0,0
32,69011,7,1,mobile,3.64,1,1
20,59598,3,0,mobile,2.44,0,0
28,72675,3,1,desktop,3.77,2,1
51,36496,5,0,tablet,0.99,3,0
43,39143,2,0,mobile,1.81,1,0
38,53662,1,0,desktop,1.81,2,0
27,87485,3,1,mobile,3.29,4,1
35,65114,3,0,mobile,0.91,0,0
22,39000,3,1,mobile,2.39,2,1
29,53857,3,0,desktop,3.65,0,0
32,58310,3,0,mobile,3.23,1,1
31,46469,2,1,mobile,2.53,2,0
44,64199,2,0,mobile,4.01,0,0
20,52653,0,0,mobile,2.93,1,1
26,50510,4,0,desktop,2.78,1,0
21,73903,2,1,tablet,2.23,0,0
22,29355,3,0,tablet,4.31,1,1
36,40572,3,0,desktop,4.11,1,1
18,42740,0,0,desktop,2.87,1,0
42,42284,4,0,tablet,2.88,1,0
32,44068,3,1,desktop,2.71,2,1
35,62327,3,0,tablet,2.56,3,0
38,71447,2,0,mobile,2.36,0,0
30,68740,4,1,tablet,3.03,1,1
45,39706,4,0,mobile,1.77,1,0
33,53388,4,1,mobile,1.72,1,0
40,61783,3,0,tablet,1.66,3,0
33,58600,4,1,tablet,3.39,1,1
37,74586,1,0,mobile,0.55,0,0
37,44869,7,1,mobile,4.25,4,1
37,57344,3,0,desktop,1.9,0,0
25,49101,4,1,desktop,1.29,0,0
39,58766,4,1,mobile,2.45,1,0
31,38816,2,0,tablet,1.44,1,0
41,41065,2,0,mobile,1.87,0,0
13,44048,7,1,mobile,2.03,3,1
20,46544,1,0,mobile,2.41,1,1
38,78218,0,0,desktop,0.42,2,0
53,72631,4,0,tablet,2.92,2,0
43,51810,2,0,desktop,1.89,1,0
28,57593,5,0,mobile,0.56,1,0
18,31083,2,1,desktop,2.6,1,1
42,52310,6,1,mobile,4.34,1,1
34,57394,0,0,mobile,0.76,0,0
40,72185,2,1,desktop,2.3,1,1
36,59902,4,0,mobile,2.6,1,0
35,61493,3,1,desktop,3.83,0,1
64,59466,2,1,desktop,1.43,1,0
34,59035,4,1,mobile,3.51,0,0
33,34048,0,1,desktop,1.76,1,0
33,48748,3,0,mobile,3.31,1,0
29,76523,3,0,desktop,3.58,0,0
44,67358,2,1,mobile,2.09,1,0
31,62413,8,1,mobile,1.26,2,0
41,56000,3,1,desktop,2.81,1,1
37,64891,2,0,mobile,2.63,1,0
47,40826,4,1,desktop,1.32,0,0
39,31299,2,0,mobile,2.86,0,0
22,49268,2,0,desktop,2.43,0,0
21,63068,1,0,mobile,2.45,0,0
49,56617,2,0,tablet,2.59,1,0
28,70209,1,0,mobile,2.48,0,0
21,60271,4,1,desktop,1.94,1,0
28,55672,5,1,mobile,3.1,1,1
47,74912,1,0,tablet,1.45,0,0
20,71985,2,1,mobile,4.45,1,1
26,53528,2,0,desktop,-0.24,1,0
28,38454,0,0,desktop,3.31,1,0
22,41389,3,0,mobile,3.37,1,1
23,52578,2,1,mobile,2.19,2,1
19,49497,3,0,mobile,1.31,1,0
30,79866,4,0,mobile,2.57,1,0
31,29797,2,0,desktop,1.54,2,1
28,54036,1,0,mobile,2.18,2,0
18,39006,1,1,desktop,1.61,2,0
47,56752,3,0,desktop,3.48,2,1
21,60733,3,0,desktop,2.43,0,0
37,48926,4,0,desktop,3.66,0,0
24,62957,2,1,desktop,2.45,0,0
41,52020,4,0,mobile,0.73,0,0
44,52309,3,0,mobile,2.67,0,0
26,48731,2,0,desktop,3.89,1,1
15,64762,5,0,mobile,2.37,0,0
41,57077,2,0,desktop,1.27,0,0
53,78598,4,1,desktop,2.16,2,1
39,74050,5,1,desktop,1.37,2,0
36,63306,2,0,mobile,3.44,2,1
43,22608,3,0,desktop,1.36,2,0
42,32735,5,0,desktop,1.5,2,0
26,69793,0,0,desktop,2.43,0,0
28,47865,6,0,mobile,3.76,0,1
41,58522,6,0,tablet,1.54,1,0
33,45542,5,1,desktop,2.28,2,1
48,62768,2,1,desktop,2.04,0,0
27,69369,3,1,mobile,2.13,0,0
42,36855,1,1,mobile,0.32,0,0
38,42796,4,1,desktop,1.12,2,0
33,30044,3,0,mobile,1.68,3,0
46,58501,4,1,tablet,2.79,1,0
41,30020,2,1,mobile,1.93,2,1
24,49508,2,0,mobile,0.94,0,0
41,62794,4,0,desktop,2.15,4,1
48,85871,2,1,tablet,2.81,1,1
33,60526,1,0,desktop,4.06,0,0
32,73793,2,0,desktop,2.83,1,0
28,58887,4,1,tablet,1.51,2,0
34,59638,3,0,mobile,2.5,0,0
41,51836,3,0,mobile,2.21,0,0
26,49250,0,0,desktop,1.06,2,0
21,72615,1,0,mobile,2.54,0,0
31,60620,2,0,desktop,3.91,3,1
21,60044,3,1,mobile,3.8,1,1
40,45877,4,1,mobile,-0.22,1,0
30,49824,3,1,mobile,2.33,0,0
17,86012,1,0,tablet,2.06,1,0
31,53987,1,0,desktop,2.23,2,0
33,74892,0,1,desktop,2.59,2,1
39,47196,3,1,mobile,1.17,0,0
33,67023,0,0,tablet,2.22,1,0
53,59346,3,1,desktop,2.24,1,0
29,48944,2,0,desktop,4.29,0,1
34,64728,5,1,tablet,1.21,2,0
33,31848,2,1,desktop,2.58,0,1
32,63619,2,1,mobile,0.68,1,0
36,66803,2,0,tablet,3.83,1,0
40,59096,2,0,desktop,2.1,1,0
48,74663,3,1,mobile,2.7,2,1
19,53978,3,1,mobile,2.17,2,0
29,52762,7,0,mobile,1.11,0,0
30,60325,2,1,desktop,2.73,0,0
44,68015,3,0,mobile,2.8,1,0
31,63547,5,1,desktop,1.55,2,0
16,51600,4,0,desktop,2.61,1,0
35,40071,2,1,desktop,2.35,1,1
34,64952,2,1,mobile,4.08,0,0
36,43156,3,1,mobile,3.41,2,1
24,42725,1,1,tablet,3.31,2,1
52,45180,2,1,mobile,2.73,0,0
31,55865,3,0,mobile,2.58,4,1
33,43055,7,0,desktop,1.95,0,0
25,37964,1,0,mobile,1.55,0,0
25,45117,2,0,desktop,3.49,4,1
22,52250,1,0,mobile,1.37,1,0
31,61814,1,0,tablet,2.4,1,0
25,56009,3,1,mobile,1.25,0,0
55,38793,4,0,mobile,2.2,0,0
16,58429,5,1,tablet,2.02,1,0
23,59841,3,1,mobile,3.11,1,0
30,48175,3,1,mobile,1.31,1,0
41,43056,5,1,desktop,-0.09,5,1
30,43050,1,0,tablet,2.87,0,0
41,47022,1,1,mobile,3.48,0,1
25,88213,4,1,mobile,1.91,1,0
35,41663,3,0,mobile,2.57,1,0
52,58989,1,1,mobile,2.24,1,0
25,44288,1,0,desktop,2.13,0,0
39,47410,5,1,mobile,3.09,2,1
37,44407,1,1,mobile,3.01,2,1
12,67018,2,0,mobile,3.19,2,0
29,60686,3,0,mobile,2.49,0,0
46,53059,3,1,mobile,2.67,1,1
36,62544,5,0,tablet,2.53,1,0
22,66151,4,0,mobile,2.84,1,1
41,42239,3,0,desktop,2.34,3,0
30,63208,7,1,desktop,1.14,3,1
38,44235,1,0,desktop,2.63,1,0
38,67569,9,0,mobile,2.79,1,1
23,66102,6,1,mobile,2.7,1,0
42,61055,3,0,desktop,3.64,3,1
24,51851,1,0,mobile,3.15,1,0
21,47108,2,0,tablet,3.35,2,0
26,51045,5,1,mobile,1.37,2,0
31,66537,6,0,mobile,3.15,1,0
36,44765,2,1,mobile,2.34,3,1
27,55745,3,0,mobile,1.56,2,0
42,28785,2,1,mobile,3.54,0,1
37,58905,3,1,mobile,1.07,1,0
28,39467,5,0,mobile,0.88,1,0
43,35227,2,0,mobile,2.22,2,0
46,62780,2,0,desktop,5.22,0,1
34,58155,2,0,desktop,2.67,0,0
32,48349,1,1,mobile,3.46,0,1
17,50468,5,0,desktop,2.63,0,0
30,89065,1,0,tablet,1.67,0,0
32,52087,2,1,tablet,3.34,0,0
37,51981,4,1,mobile,1.34,1,1
33,64784,1,0,mobile,3.02,1,0
37,56308,3,0,desktop,0.37,1,0
50,69811,7,1,mobile,1.37,2,0
29,59161,5,1,mobile,4.14,0,1
30,66416,4,0,tablet,4.13,0,0
21,61649,3,1,desktop,1.57,2,0
34,64679,4,0,mobile,3.23,2,0
44,54360,1,1,desktop,3.47,3,1
17,58337,1,1,desktop,3.06,0,0
28,50934,2,1,mobile,2.44,4,1
35,64062,4,1,desktop,0.56,0,0
43,34809,5,0,desktop,4.16,0,1
38,65892,4,0,mobile,1.82,1,0
38,69970,4,0,desktop,3.45,1,0
32,66126,3,1,desktop,3.58,1,0
39,53438,5,0,desktop,2.16,0,0
45,62578,1,1,mobile,2.8,1,0
17,43351,1,1,tablet,2.67,2,0
42,67556,5,0,mobile,1.6,1,0
34,38511,2,0,desktop,2.45,0,0
29,63905,2,0,desktop,2.89,0,0
10,62989,1,0,desktop,3.95,0,0
21,61100,5,0,mobile,4.03,1,1
51,48293,3,1,tablet,1.36,0,0
28,66402,4,0,desktop,3.53,1,0
24,27441,4,1,desktop,0.43,5,1
30,66658,2,1,desktop,2.24,0,0
27,57871,3,0,mobile,1.31,3,1
36,70764,4,0,tablet,3.44,0,0
50,58000,2,0,desktop,2.98,2,1
29,82572,0,0,desktop,0.89,0,0
36,40872,3,0,desktop,1.7,2,0
23,64141,1,0,mobile,2.66,0,0
50,41709,2,1,mobile,2.4,1,0
36,53104,2,0,desktop,2.16,3,0
24,66135,3,1,desktop,2.22,2,1
44,64381,1,0,desktop,0.93,1,0
46,86193,3,0,desktop,3.94,1,0
36,49728,2,0,desktop,3.6,1,1
18,74290,3,0,mobile,3.28,2,0
52,51185,3,1,desktop,2.5,0,0
38,44486,3,0,mobile,2.83,0,0
46,30655,4,1,desktop,3.9,2,1
29,57440,4,0,mobile,1.95,1,0
31,47180,0,1,mobile,2.36,1,0
36,67712,3,0,tablet,0.51,1,0
46,47073,5,1,desktop,2.65,0,0
36,47850,4,0,desktop,2.54,2,1
22,60319,3,1,tablet,2.01,1,0
37,80818,4,0,mobile,3.06,1,0
51,38670,3,1,desktop,2.83,1,0
35,70264,1,0,tablet,3.84,3,0
36,68111,2,1,mobile,1.46,1,0
22,51685,4,1,tablet,1.94,0,0
20,65131,2,0,desktop,3.3,1,0
28,50735,3,1,desktop,2.35,2,1
31,90570,4,1,mobile,2.46,3,0
36,53318,4,0,desktop,4.8,0,0
36,56206,2,0,mobile,1.26,0,0
51,50113,1,1,mobile,2.41,0,0
35,29598,6,0,desktop,1.74,2,0
45,51052,1,0,mobile,3.48,3,0
34,58480,2,0,desktop,1.91,3,1
49,77513,3,1,desktop,2.84,1,0
16,62379,4,0,mobile,3.24,1,0
29,52159,3,0,mobile,3.24,1,0
44,55899,1,1,desktop,2.75,1,0
33,59910,2,1,desktop,2.46,1,0
44,49315,6,0,desktop,1.71,3,1
38,65233,6,1,mobile,2.48,0,0
44,79376,2,1,desktop,2.68,0,0
41,49552,0,0,desktop,3.01,4,1
41,73112,1,0,mobile,2.35,1,0
49,68144,2,1,desktop,4.31,3,0
44,63058,1,0,desktop,2.34,0,0
44,56678,4,0,mobile,3.67,4,1
35,60066,1,0,desktop,5.05,0,1
29,51739,3,0,desktop,4.31,0,0
28,82553,3,0,mobile,3.23,2,0
42,44223,2,1,desktop,2.22,1,0
10,72024,1,1,mobile,3.83,3,1
21,78245,4,1,mobile,1.45,2,0
25,50152,7,1,tablet,1.67,0,0
32,72487,2,0,desktop,2.89,1,0
8,57159,3,0,mobile,2.81,1,0
47,55935,2,0,mobile,2.72,0,0
41,53881,6,0,mobile,3.47,0,0
54,30794,2,1,mobile,2.05,1,0
45,63218,2,0,desktop,3.92,0,0
45,76653,2,1,mobile,3.2,1,0
57,44429,4,0,desktop,1.99,2,1
29,67710,3,0,mobile,3.73,1,1
19,53721,6,0,desktop,3.56,0,0
32,38609,1,0,mobile,2.84,2,1
26,69968,2,0,tablet,1.37,0,0
32,80290,4,1,tablet,1.06,0,0
24,43086,1,0,mobile,2.54,0,1
40,58237,3,1,desktop,1.17,1,0
40,33403,3,0,mobile,4.06,0,0
34,54369,1,0,desktop,4.66,2,1
38,62290,3,1,mobile,1.75,1,0
33,81293,5,1,desktop,4.25,3,1
42,78363,3,1,tablet,2.79,1,1
35,79637,2,1,mobile,2.43,0,1
32,47093,4,0,mobile,3.83,0,0
44,51322,2,0,mobile,3.35,3,1
47,30035,1,0,tablet,2.07,1,0
48,44272,4,0,mobile,3.05,0,0
25,33222,0,0,mobile,3.33,1,0
29,60483,2,1,mobile,4.88,2,1
17,44545,2,0,mobile,3.08,1,0
32,38478,3,1,desktop,2.91,1,0
39,49668,4,1,mobile,3.4,0,1
33,37226,5,0,mobile,1.88,1,0
54,59635,2,0,mobile,3.24,1,0
30,59266,2,0,desktop,1.51,4,0
24,50264,4,1,mobile,4.88,2,1
40,44039,4,0,mobile,2.77,2,1
36,34908,5,0,mobile,2.46,0,0
40,63330,4,0,desktop,4.4,1,0
38,58430,4,1,desktop,1.74,3,1
37,61964,1,0,desktop,1.87,3,0
13,50403,5,0,tablet,2.32,0,0
27,51731,3,1,desktop,2.05,0,0
29,76629,5,0,mobile,4.17,0,0
31,45991,6,0,mobile,1.45,1,0
30,50310,3,0,mobile,2.93,0,0
39,66158,2,1,desktop,1.6,1,0
41,59543,2,0,tablet,1.06,3,0
23,24300,4,0,tablet,0.32,1,0
41,29681,5,1,tablet,3.58,2,1
40,45087,3,0,mobile,1.5,3,0
39,68654,3,1,desktop,1.89,2,0
20,65075,3,0,mobile,2.86,1,0
39,62792,4,0,mobile,3.25,0,0
35,64416,1,1,mobile,1.59,1,0
44,40465,0,0,desktop,3.06,0,0
52,64015,4,0,mobile,4.14,0,0
50,41180,5,0,desktop,2.76,0,0
36,69209,3,1,desktop,1.84,1,0
34,47341,5,1,desktop,1.24,2,1
41,59224,1,1,desktop,2.65,2,0
23,26882,3,1,mobile,2.49,2,1
20,34766,1,1,mobile,3.4,2,1
30,71360,3,1,mobile,3.0,2,1
47,65376,4,0,mobile,1.94,3,1
31,36730,1,1,desktop,1.05,1,0
50,74283,3,1,mobile,1.1,1,0
7,38638,2,0,desktop,2.62,1,0
19,55299,3,0,tablet,2.45,1,0
33,47798,3,1,tablet,2.53,3,1
43,41148,5,1,mobile,1.91,1,0
34,72519,2,1,mobile,3.14,0,0
34,80274,1,0,mobile,3.0,1,0
33,57674,1,0,mobile,4.04,0,1
17,77889,3,1,desktop,2.74,3,1
46,50781,2,1,desktop,2.55,1,1
28,56624,1,1,mobile,2.94,1,0
45,56972,3,1,desktop,2.13,1,0
34,37649,4,0,desktop,3.41,0,0
45,62491,5,0,desktop,2.79,0,0
38,65645,1,1,desktop,2.88,0,0
33,52397,1,0,tablet,3.49,2,1
37,29623,1,0,mobile,4.17,1,1
20,60515,0,0,desktop,2.7,1,0
35,32274,5,0,desktop,2.18,0,0
52,42830,6,0,desktop,2.99,1,1
48,56971,3,0,desktop,1.92,1,0
25,43455,6,0,desktop,2.06,2,0
40,58805,2,0,mobile,4.19,2,0
37,51606,4,0,desktop,2.35,0,0
43,30542,3,1,mobile,1.47,0,0
35,57519,0,0,desktop,2.16,0,0
32,63798,2,0,desktop,1.84,1,0
48,70186,2,0,mobile,2.13,3,0
37,49501,3,0,mobile,0.84,0,0
47,54077,6,1,mobile,2.31,2,1
44,32573,2,0,desktop,1.88,2,0
31,84473,4,0,mobile,3.73,0,0
33,77575,4,1,mobile,3.52,0,1
54,54522,3,0,mobile,1.97,5,0
36,53127,5,0,desktop,1.01,0,0
27,11046,3,0,desktop,1.83,1,0
22,70528,1,0,desktop,3.42,4,1
44,63442,4,1,desktop,2.35,1,0
36,67192,2,0,desktop,1.24,0,0
27,48921,5,0,desktop,2.51,0,0
41,47958,1,0,desktop,3.53,2,1
36,36468,1,0,desktop,2.15,0,0
18,66670,8,1,desktop,1.96,2,0
40,73782,2,1,mobile,1.84,2,0
48,71858,1,0,desktop,2.19,0,0
60,57808,1,0,mobile,2.69,1,0
35,50100,4,0,mobile,3.81,0,0
37,39220,6,0,desktop,2.74,2,1
51,44473,4,0,tablet,3.31,1,1
36,62013,4,1,desktop,2.76,0,1
37,50731,5,0,desktop,1.57,1,0
28,79621,4,0,mobile,3.85,2,0
21,72285,5,0,mobile,1.62,2,0
44,45972,4,0,desktop,1.89,0,0
22,36765,3,0,mobile,3.18,1,1
46,46773,9,0,mobile,2.93,1,1
27,70980,4,0,mobile,1.46,1,0
37,47141,1,1,desktop,1.18,2,0
31,63189,0,0,desktop,3.43,0,1
46,46511,4,0,mobile,3.52,3,1
38,60147,1,0,tablet,2.61,1,1
54,62922,2,1,desktop,1.52,2,0
24,69787,4,0,desktop,2.51,4,0
39,76498,3,0,desktop,3.81,2,0
35,74653,2,0,desktop,2.82,2,1
37,47047,1,0,mobile,1.86,2,0
50,52794,4,0,tablet,3.29,1,0
40,37397,3,0,desktop,4.45,1,1
23,51464,3,1,tablet,4.63,0,1
40,55364,2,0,mobile,3.03,1,1
30,48940,3,1,mobile,2.45,0,0
30,47446,3,0,desktop,1.01,1,0
45,70481,2,1,tablet,1.76,1,0
28,68612,0,0,desktop,3.78,1,0
31,60986,0,0,tablet,3.28,3,1
35,35837,3,1,mobile,2.68,0,0
44,58013,1,0,mobile,1.67,2,0
40,49236,4,0,tablet,3.26,2,1
32,74735,2,1,mobile,3.11,2,1
32,27965,0,1,desktop,3.01,3,1
23,46617,6,1,desktop,1.74,0,0
27,46200,2,0,mobile,1.82,2,0
28,48001,1,0,tablet,1.2,1,0
33,69363,4,1,tablet,0.3,3,0
54,19714,5,1,tablet,1.97,4,1
28,51879,3,0,desktop,2.72,0,0
32,67760,7,0,mobile,2.03,1,0
14,69701,4,0,desktop,3.62,0,0
41,46763,2,0,desktop,1.21,2,0
19,44803,6,0,desktop,3.82,0,0
25,60193,6,0,desktop,3.34,0,0
45,57265,3,0,desktop,1.25,0,0
13,56041,6,1,mobile,5.08,0,1
35,-2020,1,0,tablet,2.27,0,0
43,38092,2,1,mobile,1.49,1,0
50,42051,2,0,mobile,1.54,0,0
25,64645,6,0,mobile,2.02,3,1
28,33388,4,1,desktop,2.14,0,0
53,39300,2,0,desktop,1.92,1,0
34,52684,2,1,desktop,2.79,2,1
27,35686,3,0,desktop,3.74,0,0
27,64642,4,1,desktop,1.83,2,0
25,49128,5,1,mobile,2.77,1,1
30,82493,4,1,tablet,3.58,0,0
45,45554,2,0,mobile,1.99,0,0
43,46355,3,1,desktop,1.8,2,1
23,67066,4,1,mobile,2.67,1,1
37,45169,3,0,mobile,-0.7,0,0
30,77673,8,0,desktop,2.43,1,0
42,62243,1,1,desktop,4.53,0,1
33,50441,4,0,tablet,2.06,2,0
38,52588,3,1,desktop,4.16,0,1
33,97760,3,0,desktop,2.91,3,0
13,62329,1,0,desktop,2.27,3,0
35,57257,7,0,desktop,2.73,1,0
22,53011,4,1,mobile,2.95,2,1
42,70557,1,0,desktop,1.87,2,0
28,32225,2,0,desktop,1.04,2,0
28,52282,1,1,tablet,2.23,1,0
34,12495,2,0,mobile,1.8,2,0
40,46998,4,1,mobile,3.11,0,1
33,67718,2,1,desktop,3.18,1,0
51,75733,2,1,mobile,2.06,2,1
51,64089,6,0,mobile,3.02,0,0
52,64599,2,0,mobile,2.92,2,1
32,29261,4,0,mobile,0.26,2,0
20,44824,1,0,mobile,3.47,2,0
47,77116,4,0,desktop,1.13,2,0
30,47142,0,0,tablet,2.27,4,1
35,52960,3,0,desktop,4.1,1,0
41,42916,6,0,mobile,3.34,3,1
18,40993,3,1,desktop,1.17,2,0
51,47945,0,0,desktop,2.57,0,1
43,45084,3,0,mobile,2.54,2,1
38,69362,4,0,mobile,2.77,1,0
43,58230,1,0,mobile,1.13,2,0
40,70283,3,0,mobile,4.69,0,0
36,34191,2,0,mobile,2.94,2,1
31,73381,2,0,mobile,2.63,1,0
27,55321,8,0,mobile,3.45,1,0
37,82590,4,0,mobile,2.31,0,0
38,54208,3,1,mobile,3.12,2,1
45,32598,4,1,mobile,1.76,2,1
37,74263,0,1,mobile,1.84,2,0
26,52952,6,0,mobile,3.05,1,1
19,22718,7,1,mobile,2.51,0,1
33,57177,7,0,mobile,2.45,0,0
34,58468,0,0,mobile,2.87,0,0
34,71141,1,0,desktop,1.33,2,0
19,1187,3,0,mobile,-0.11,1,0
45,72233,5,0,mobile,2.23,1,0
45,47881,3,1,desktop,1.13,0,0
26,83893,2,1,desktop,2.86,1,0
43,29225,1,1,mobile,3.61,2,1
44,63180,5,1,mobile,2.31,2,0
35,61175,2,0,mobile,1.08,2,0
25,48668,3,1,desktop,2.37,1,1
51,43392,5,0,mobile,1.65,0,0
38,49393,4,1,desktop,3.64,1,0
32,49799,2,1,mobile,2.51,1,0
42,36198,1,0,desktop,3.7,0,1
51,69894,4,1,mobile,1.68,1,0
30,38616,1,0,desktop,2.48,0,1
41,70347,1,1,desktop,1.74,1,0
54,28165,0,0,mobile,2.99,0,1
23,52342,3,1,mobile,2.2,1,0
29,52565,2,0,mobile,1.78,1,0
29,54763,4,1,mobile,1.09,0,0
33,69344,2,0,mobile,3.34,1,0
32,51964,2,0,mobile,3.12,2,1
38,48131,2,0,desktop,1.94,1,0
26,52010,1,0,mobile,1.75,0,0
28,69715,2,0,desktop,2.99,0,0
38,36915,2,1,mobile,3.76,0,1
36,39689,2,0,mobile,-1.08,1,0
43,25649,3,0,tablet,3.63,5,1
39,85408,1,0,mobile,2.82,1,0
42,37603,2,0,desktop,3.0,2,0
23,26718,0,1,mobile,2.06,4,1
31,42866,4,1,desktop,1.5,1,0
53,45813,2,0,tablet,2.81,2,0
38,76981,4,0,mobile,0.85,2,0
42,48026,3,1,mobile,3.81,2,1
37,59376,4,1,mobile,2.99,1,0
39,28138,2,1,tablet,1.48,2,0
32,58119,2,1,desktop,3.09,1,1
70,30268,7,1,mobile,1.0,3,0
31,50296,4,1,desktop,3.12,3,1
34,43601,3,0,mobile,3.28,0,0
10,55874,6,1,mobile,2.55,2,1
46,64516,5,1,mobile,3.08,0,0
29,34961,4,1,tablet,1.52,1,0
34,37953,3,0,mobile,-0.02,0,0
29,57903,2,0,desktop,3.22,1,1
33,65309,1,1,desktop,3.51,0,1
32,76260,2,1,mobile,3.76,0,0
34,47921,2,1,desktop,2.34,1,0
34,32627,2,0,mobile,1.48,1,0
33,57799,3,0,desktop,0.07,0,0
33,43080,0,0,mobile,5.81,2,1
48,41133,7,1,mobile,3.18,0,0
43,76122,3,1,mobile,2.91,2,1
43,64280,4,1,desktop,1.84,2,0
27,44078,5,0,desktop,2.7,1,0
47,54719,0,1,desktop,2.7,1,0
46,53714,3,0,tablet,2.09,1,0
29,57476,2,1,desktop,2.84,3,0
50,48910,4,0,mobile,2.51,2,0
28,26499,2,0,mobile,4.1,1,1
16,40354,4,0,mobile,0.84,0,0
46,47020,3,0,desktop,2.08,0,1
33,55421,3,0,mobile,2.58,0,0
44,38765,4,0,mobile,2.56,0,0
27,57794,1,0,mobile,-0.24,3,0
22,49280,5,0,mobile,2.3,5,1
47,43607,2,1,desktop,3.03,0,0
20,35945,0,1,mobile,-0.27,1,0
19,61697,3,1,desktop,3.81,1,1
15,61363,6,0,desktop,3.19,1,0
7,67003,2,1,mobile,4.75,2,1
24,63239,3,0,mobile,1.58,4,0
13,64362,5,1,mobile,1.61,0,0
34,60731,4,1,desktop,1.31,2,1
12,28623,1,0,mobile,2.16,1,0
24,50813,3,0,mobile,2.14,0,0
58,33514,5,1,mobile,0.46,1,0
38,75538,2,0,desktop,1.48,4,0
35,54789,4,0,mobile,3.28,0,0
18,74046,3,0,mobile,1.71,4,1
32,39545,5,1,desktop,4.09,2,1
35,53621,4,0,mobile,1.01,2,0
18,58950,1,0,mobile,3.13,0,0
36,50036,1,0,desktop,1.66,1,0
46,57816,8,1,desktop,2.76,0,0
31,77232,2,1,desktop,2.55,1,0
33,39521,4,0,mobile,3.04,1,1
14,15431,1,0,mobile,0.45,0,0
21,79009,1,0,mobile,3.16,3,1
45,43125,1,0,desktop,2.6,1,0
28,71837,4,0,mobile,2.46,3,1
25,64778,2,0,desktop,3.87,5,1
28,51749,3,0,desktop,4.07,3,1
34,60705,4,1,mobile,4.06,2,1
23,37891,3,0,mobile,1.12,1,0
36,56288,1,0,mobile,3.51,0,0
21,63910,3,0,mobile,2.1,2,0
42,43385,4,0,mobile,1.28,2,0
24,49295,4,1,mobile,2.35,0,0
48,59688,3,0,desktop,1.18,0,0
34,74849,0,0,mobile,2.27,2,0
26,54952,3,0,desktop,3.23,0,0
44,48540,4,0,mobile,2.03,1,0
21,52803,4,1,desktop,2.83,0,1
29,72402,3,1,mobile,3.85,0,0
34,45377,4,0,mobile,2.85,2,1
33,50496,8,0,mobile,4.35,0,1
14,45516,3,0,desktop,2.9,1,0
25,51935,1,1,mobile,1.23,2,0
36,58205,4,0,desktop,1.89,0,0
21,70508,6,0,mobile,2.47,1,0
47,23131,2,1,mobile,2.75,1,1
39,63332,1,0,mobile,3.48,1,0
29,41626,1,0,desktop,1.49,1,0
32,63896,2,0,desktop,2.24,2,1
53,73594,4,1,tablet,2.84,0,0
44,69933,4,1,mobile,2.84,1,0
38,57369,2,0,desktop,4.34,1,1
20,67517,2,0,mobile,0.76,2,0
51,40849,7,0,desktop,3.12,0,0
45,53982,4,1,desktop,2.8,2,1
33,77792,2,0,desktop,2.79,2,0
29,43161,3,1,mobile,4.1,0,1
33,57959,3,0,mobile,1.89,0,0
22,49462,1,0,mobile,1.12,1,0
30,52073,5,0,desktop,0.98,2,0
42,61091,2,0,mobile,1.96,1,0
16,50957,2,1,mobile,2.78,3,1
31,54948,2,1,desktop,2.54,1,1
36,47431,3,1,tablet,4.16,1,1
36,27624,1,0,tablet,1.25,1,0
23,57896,3,0,mobile,2.56,0,0
23,61592,5,0,desktop,1.6,1,0
45,75732,2,1,desktop,1.7,0,0
22,53022,3,0,desktop,3.01,0,0
45,34079,5,0,desktop,3.47,0,0
30,43689,1,0,mobile,2.46,1,0
45,63105,3,1,mobile,1.74,2,0
30,53732,3,0,mobile,1.37,1,0
23,59189,3,0,desktop,2.21,0,0
43,49703,3,0,desktop,2.31,3,0
34,83047,1,0,desktop,3.31,1,0
49,80919,1,0,desktop,1.22,0,0
43,41026,3,0,mobile,4.37,1,1
32,68635,1,1,desktop,5.34,1,1
30,59560,3,1,desktop,2.68,3,1
35,55203,1,0,mobile,2.72,1,0
36,42104,2,1,desktop,2.74,1,1
26,79322,1,0,desktop,3.08,1,0
43,72478,3,1,desktop,1.64,2,0
31,33143,2,0,desktop,2.66,2,1
30,75752,0,0,mobile,2.35,1,0
29,54424,4,1,desktop,2.08,1,0
37,46033,7,0,desktop,3.49,2,1
28,40351,0,0,tablet,1.7,2,0
36,69172,2,0,desktop,3.46,0,0
62,60998,4,1,desktop,2.91,1,0
34,41887,2,1,desktop,3.53,0,0
30,42833,2,1,mobile,2.39,2,0
18,49187,1,1,mobile,2.08,0,0
35,47312,4,1,desktop,2.44,1,1
23,62916,2,0,desktop,3.48,1,0
31,60681,3,0,desktop,3.96,2,0
36,45465,1,1,tablet,3.36,1,1
17,30137,3,0,desktop,0.4,1,0
36,34990,4,0,desktop,3.62,3,1
38,68050,4,1,tablet,2.54,1,0
22,40077,4,0,mobile,2.54,0,0
31,56667,5,1,desktop,0.08,2,0
16,28552,3,0,desktop,1.8,0,1
50,60955,1,1,mobile,3.18,2,1
38,83792,5,1,mobile,1.41,0,0
33,35078,4,0,mobile,-0.05,2,0
33,63245,5,1,tablet,2.41,1,0
46,59086,5,0,mobile,1.45,2,0
34,68768,4,0,mobile,3.02,2,1
38,53031,5,1,mobile,3.43,1,1
50,59092,4,0,mobile,2.63,1,0
31,57729,7,0,desktop,2.24,0,0
24,63592,4,0,mobile,1.9,1,0
26,42413,2,1,desktop,2.59,1,1
49,57886,4,0,mobile,1.73,0,0
35,67154,5,0,tablet,2.65,1,0
29,72519,0,0,mobile,3.55,0,0
44,62435,4,0,mobile,2.31,2,0
44,38020,1,0,mobile,2.69,0,1
30,31696,4,0,mobile,2.98,0,1
25,61129,7,0,mobile,1.96,1,0
19,39825,4,0,desktop,2.55,0,0
17,67665,3,0,mobile,1.79,1,0
32,50683,5,1,mobile,1.63,0,0
26,70174,4,1,mobile,3.16,1,1
53,86887,1,1,mobile,1.36,0,0
35,54065,5,1,desktop,2.47,1,0
15,53259,3,0,mobile,2.21,0,0
49,70202,8,1,desktop,1.68,2,1
36,70958,3,0,mobile,2.85,1,0
42,80524,5,0,mobile,0.98,1,0
41,57948,0,1,mobile,1.39,0,0
37,45506,6,0,mobile,1.58,1,0
40,55115,3,1,desktop,1.26,1,0
37,45645,3,1,mobile,1.9,2,1
23,58597,7,0,mobile,2.53,3,1
38,41976,1,1,mobile,2.46,4,1
45,68530,6,0,mobile,2.63,0,0
32,65462,1,0,tablet,2.14,1,0
40,57085,3,0,mobile,2.5,1,0
39,55383,4,0,tablet,3.79,2,1
53,52053,2,1,desktop,0.62,2,0
32,74683,2,0,mobile,2.77,1,0
32,72811,5,0,desktop,2.25,2,0
33,57185,2,0,mobile,2.1,3,0
33,42150,4,1,desktop,1.64,2,0
12,37347,1,0,desktop,0.48,0,0
28,59314,0,0,mobile,2.48,2,0
37,45429,3,0,desktop,1.25,3,1
34,62139,2,1,desktop,3.19,1,0
27,49199,2,1,mobile,1.66,1,0
28,66606,0,0,mobile,1.84,1,0
31,58111,4,0,desktop,2.08,2,1
26,69970,1,0,mobile,3.03,0,0
29,21491,1,0,mobile,3.21,3,1
29,51594,3,0,desktop,3.13,0,0
43,88251,3,0,mobile,1.89,2,0
45,17452,3,0,desktop,3.17,2,1
44,67639,4,1,mobile,1.06,4,0
39,61270,1,0,mobile,3.08,0,0
27,74285,4,1,mobile,2.86,1,0
44,52396,4,1,mobile,3.02,0,0
31,72855,6,0,desktop,1.7,1,0
35,73253,6,0,desktop,2.28,2,0
48,57951,5,1,tablet,3.76,1,0
35,37539,2,0,mobile,0.94,1,0
37,68695,4,0,desktop,2.71,2,0
20,40398,4,1,mobile,2.07,1,1
39,52939,2,1,desktop,2.34,3,1
25,69203,2,0,mobile,2.79,1,0
45,71381,3,1,desktop,1.41,3,1
33,49780,3,0,mobile,3.04,1,0
12,64404,5,1,tablet,1.42,1,0
31,31861,2,1,desktop,2.25,3,1
32,47914,3,0,desktop,0.84,1,0
39,77033,0,1,desktop,2.48,1,0
41,75150,3,0,mobile,1.16,2,0
31,65038,2,0,mobile,2.86,0,0
45,52872,2,0,mobile,4.46,2,1
3,67708,5,1,desktop,2.09,2,0
27,54651,5,0,mobile,1.53,2,0
23,57523,2,1,mobile,2.15,0,0
22,56325,5,1,tablet,2.74,1,0
44,43367,2,0,mobile,1.29,0,0
43,65888,6,1,mobile,2.31,2,0
27,38950,3,1,mobile,4.42,0,1
46,66637,2,0,desktop,3.11,0,0
36,40590,1,0,mobile,1.52,1,0
30,44168,5,1,mobile,2.65,1,1
28,12387,1,1,mobile,2.17,1,1
27,52658,2,0,desktop,1.91,0,0
39,57837,2,0,mobile,1.56,0,0
41,67406,3,1,desktop,4.37,1,1
37,74663,2,1,mobile,0.08,3,0
14,32646,2,0,desktop,3.39,2,1
37,69772,3,0,mobile,1.98,2,0
40,48039,5,0,mobile,3.91,0,1
28,53919,7,0,desktop,1.22,2,0
35,53420,2,1,desktop,3.03,0,0
16,48257,5,0,mobile,3.55,3,1
22,41651,1,1,mobile,2.6,2,1
31,59188,7,0,desktop,2.79,0,0
31,67167,3,0,desktop,1.65,0,0
38,36103,1,1,mobile,1.86,1,0
23,54708,4,1,mobile,2.12,0,1
31,45564,1,0,desktop,2.76,0,0
30,71438,3,0,desktop,1.11,2,0
40,62403,3,0,desktop,0.57,2,0
49,77630,2,0,mobile,1.62,1,0
52,31768,2,0,desktop,3.01,2,1
19,70512,2,0,mobile,1.79,1,0
34,57439,1,0,mobile,1.89,0,0
23,44122,3,0,desktop,2.85,1,0
34,62338,1,1,mobile,2.5,2,0
39,78490,6,0,mobile,2.71,0,0
35,79069,4,1,mobile,2.93,0,0
34,67333,5,0,desktop,2.1,1,0
49,40125,2,0,mobile,1.3,2,0
42,59647,6,0,desktop,0.96,2,0
32,60136,2,0,mobile,0.84,1,0
35,73630,1,0,desktop,3.17,1,0
43,52526,1,0,desktop,0.85,2,0
41,55233,4,0,desktop,3.21,1,0
30,45197,2,0,desktop,1.96,1,0
17,65021,1,0,desktop,2.91,2,0
23,51768,3,1,mobile,2.99,0,1
36,57789,3,0,desktop,2.35,1,0
17,47956,1,0,desktop,2.88,1,0
33,55708,8,0,tablet,2.79,2,0
30,38793,4,0,mobile,3.57,1,1
44,57413,5,0,mobile,1.12,0,0
21,45961,3,1,desktop,2.67,0,0
15,65489,5,1,mobile,1.98,2,0
30,82711,1,1,desktop,1.89,0,0
41,67685,5,1,mobile,1.97,1,0
45,38201,3,0,desktop,3.77,1,1
25,49610,3,1,mobile,1.1,2,0
39,30854,3,0,desktop,2.33,0,0
23,55203,4,0,mobile,1.83,0,0
